{"cameraMode":{"drawMode":0,"name":"Shaded","section":"Shading Mode"},"sceneLighting":false,"audioPlay":false,"sceneViewState":{"showFog":true,"showMaterialUpdate":false,"showSkybox":false,"showFlares":true,"showImageEffects":true,"showParticleSystems":true},"in2DMode":false,"pivot":{"x":0.0,"y":1.3599998950958253,"z":-4.519999980926514},"rotation":{"x":0.6019922494888306,"y":-0.11040665954351425,"z":0.08453331142663956,"w":0.7863249182701111},"size":13.47502326965332,"orthographic":true}